Người Xác Nhận,Total
THANHNHAN,2769
HONGVY,1623
TUANTAI,1586
TRUCMAI,1448
system,1300
NGOCLINH,814
ANHKIM,767
GIANGHI,551
NGOCHUYEN,507
NHATHAN,341
Tuyet,239
CHITRUC,136
PhucNhi,132
MINHANH,104
NGUYENQUAN,91
DIEMMY,91
QUOCTHUONG,73
NGOCTRANG,64
QUACHNGOC,60
KIMNGAN,55
PHUONGTHAO,52
HUYNHNAM,44
MYQUYEN,36
MONGQUYEN,34
NGHI,33
QUANGLOI,27
TUANPHUC,26
HAIYEN,24
THANHTAI,22
phuongtram,20
NGOCHIEN,11
HONGNGA,10
TRINHTRINH,9
TUNGUYEN,7
NGOCTHU,6
LEHOA,6
NGUYENCHI,4
HONGPHUC,4
HONGPHONG,3
NGOCNGUYEN,3
NGOCTHOA,2
nguyenthanh1902,2
VANHIEU,2
MQUYNH,1
DUCHUY,1
THUYTIEN,1
YENNHI,1
GIAHAN,1
PHUONGDONG,1
